{"id": 158, "leaf": "False", "children": [{"id": 155, "images": [279145, 546829, 261161, 58393, 531707, 542423, 162130, 271457, 314541, 577182, 349184, 335529, 98716, 87144, 340451, 459153, 94326, 443844, 566436, 372203, 506454, 237984, 527960, 221502], "inc_images": [], "loss": 0.035349896973154195, "acc": 100.0, "f1": 82.97872161865234, "f1_c": 5.987318868070451, "leaf": "True"}, {"id": 157, "images": [437514, 310072, 181816, 222458, 413404, 453584, 179174, 461573, 428280, 327890, 328683, 563604, 373705, 537802, 82180, 350607, 1675, 67180, 29397, 254516, 413689, 122046, 455157, 400815, 420916, 303908, 161879, 388258, 163682, 398377, 454404, 394677, 319100, 97988, 231580, 479126, 190753, 419408, 117197, 88951, 281414, 11511, 303893, 341921, 78404, 16249, 264535, 60347, 17436, 391375, 374052, 89697, 248616, 548780, 500478, 18491], "inc_images": [179174, 328683, 563604, 373705, 537802, 82180, 1675, 413689, 122046, 400815, 161879, 163682, 398377, 394677, 319100, 231580, 479126, 117197, 281414, 248616, 500478], "loss": 0.08295367725492854, "acc": 62.5, "f1": 60.9523811340332, "f1_c": 13.652584849967152, "leaf": "True"}]}