{"id": 388, "leaf": "False", "children": [{"id": 386, "images": [562843, 480212, 333956, 95786, 2592, 305343, 74733, 157601, 192871, 378605, 331569, 244181, 417608, 91779, 319617, 507235, 284106, 25986, 70048, 533206, 528399, 182611, 368752, 331817, 523100, 92053, 265518, 463527, 541634, 256518, 231822, 311303, 184384, 108253, 414638, 293858, 558854, 120853, 191580, 460494, 231097, 173004, 88040, 305609, 166426, 218249, 279730, 216636, 192904, 562059, 551822, 253452, 509131, 231527, 463283, 417285, 64084, 17714, 300233, 120777, 304984, 470121, 242060, 181796, 2431, 513041, 329455, 182417, 468925, 255747, 496954, 310200, 255824, 163611, 318114, 3845, 530146, 66817, 260105, 462576, 347335, 419312, 499313, 172571, 337498, 532129], "inc_images": [480212, 333956, 192871, 244181, 417608, 507235, 284106, 533206, 331817, 523100, 191580, 305609, 218249, 216636, 509131, 64084, 300233, 304984, 470121, 513041, 255747, 496954, 310200, 66817], "loss": 0.11465389889036846, "acc": 72.09302325581395, "f1": 59.75773620605469, "f1_c": 12.466082664388185, "leaf": "True"}, {"id": 387, "leaf": "False", "children": [{"id": 378, "images": [97994, 225757, 555009, 195918, 172595, 570782, 248314, 226171, 154705, 387098, 301421, 136600], "inc_images": [225757, 195918, 172595, 570782, 248314, 154705, 301421, 136600], "loss": 0.16988991402710477, "acc": 33.333333333333336, "f1": 56.29629898071289, "f1_c": 5.808356660449023, "leaf": "True"}, {"id": 385, "images": [475572, 19742, 262631, 367095, 226903, 246968, 135561, 397354, 494869, 33638, 445658, 280918, 438774, 322844, 546626, 312406, 421834, 344100, 465806, 96001, 449190, 74209, 536073, 146457, 84241, 166277, 181859, 7574, 500464, 419653, 579655, 300039, 25394, 66771, 47801, 38678, 345356, 285047, 391722, 241668, 85157, 25603, 129492, 579070, 322163, 294350, 450399, 199771, 517056, 189475, 229659, 356248, 15335, 484978, 376322, 166918, 80932, 419974, 287347, 35682, 179141, 244750, 171190, 483999, 436617, 404678, 163640, 546219, 9590, 520871, 307172, 323151, 189752, 12576, 429623, 474167, 141821, 62808, 336356, 276285, 140987, 356424, 382125, 488673, 336053, 201426, 301718, 297084, 113720, 275198, 127394, 470924, 363666, 18380, 242946, 226147, 496571], "inc_images": [475572, 19742, 262631, 226903, 494869, 33638, 445658, 280918, 322844, 312406, 421834, 96001, 146457, 84241, 181859, 7574, 500464, 419653, 47801, 391722, 241668, 129492, 322163, 294350, 450399, 517056, 229659, 404678, 163640, 429623, 474167, 141821, 62808, 336356], "loss": 0.13300690693377526, "acc": 64.94845360824742, "f1": 63.723609924316406, "f1_c": 19.10437267892112, "leaf": "True"}]}]}