{"id": 142, "leaf": "False", "children": [{"id": 139, "images": [398742, 394510, 566282, 171382, 258388, 87038, 572620, 538458, 396200, 523957, 229553, 473118, 132587, 26690, 111207, 65350, 425906, 328337, 172649, 108495, 393115, 489924], "inc_images": [398742, 566282, 132587, 425906, 328337], "loss": 0.07437516903420063, "acc": 77.27272727272727, "f1": 72.13115692138672, "f1_c": 4.498834502527382, "leaf": "True"}, {"id": 141, "leaf": "False", "children": [{"id": 138, "images": [362520, 125472, 128699, 72281, 68628, 451084, 149375, 31093, 146831, 295138, 192964, 448365, 581357, 327306, 476119, 209757, 3553, 161978, 324158, 67310, 22479, 71877, 132703, 438907, 185950, 230983, 29393, 261982, 404249, 442463, 431848, 13201, 150649, 291551, 257084, 7977, 450559, 476258, 535306, 559160], "inc_images": [29393], "loss": 0.02487347200512886, "acc": 97.5, "f1": 91.20878601074219, "f1_c": 4.4286216841133585, "leaf": "True"}, {"id": 140, "images": [524742, 308165, 84492, 161799, 377635, 424521, 581062, 438955, 428111, 378673], "inc_images": [524742, 438955], "loss": 0.039285722211934625, "acc": 80.0, "f1": 72.72727966308594, "f1_c": 2.2875817131851526, "leaf": "True"}]}]}